{
  "dataset_str": "hep-small",
  "dropout_rate": 0.5,
  "learning_rate": 0.01,
  "device": "cuda",
  "patience": 25,
  "log_interval": 5,
  "epochs": 100,
  "learning_rate_decay_patience": 10,
  "learning_rate_decay_factor": 0.8,
  "model": "HeteroGAT",
  "dataset": "data/word_data/hep-small/hep-small.pickle.bin",
  "hidden_dim": 64,
  "out_dim": 3,
  "aggr_func": "sum",
  "node_feature": "bert",
  "word_feature": "jose",
  "num_layer": 2,
  "verbose": true,
  "num_head": 2,
  "residual": true,
  "test_loss": 0.7934867739677429,
  "test_acc": 0.6666666865348816,
  "actual_epochs": 75,
  "val_acc_max": 0.6666666865348816,
  "val_loss_min": 0.8758053779602051,
  "total_time": 68.16456651687622
}
